X,Y,Theta
-20,79,-15
-19.85,79.08,-14.91
-19.7,79.15,-14.82
-19.55,79.23,-14.73
-19.4,79.3,-14.64
-19.25,79.38,-14.55
-19.1,79.45,-14.46
-18.95,79.53,-14.37
-18.8,79.6,-14.28
-18.65,79.68,-14.19
-18.5,79.75,-14.1
-18.35,79.83,-14.01
-18.2,79.9,-13.92
-18.05,79.98,-13.83
-17.9,80.05,-13.74
-17.75,80.13,-13.65
-17.6,80.2,-13.56
-17.45,80.28,-13.47
-17.3,80.35,-13.38
-17.15,80.43,-13.29
-17,80.5,-13.2
-16.85,80.58,-13.11
-16.7,80.65,-13.02
-16.55,80.73,-12.93
-16.4,80.8,-12.84
-16.25,80.88,-12.75
-16.1,80.95,-12.66
-15.95,81.03,-12.57
-15.8,81.1,-12.48
-15.65,81.18,-12.39
-15.5,81.25,-12.3
-15.35,81.33,-12.21
-15.2,81.4,-12.12
-15.05,81.48,-12.03
-14.9,81.55,-11.94
-14.75,81.63,-11.85
-14.6,81.7,-11.76
-14.45,81.78,-11.67
-14.3,81.85,-11.58
-14.15,81.93,-11.49
-14,82,-11.4
-13.85,82.08,-11.31
-13.7,82.15,-11.22
-13.55,82.23,-11.13
-13.4,82.3,-11.04
-13.25,82.38,-10.95
-13.1,82.45,-10.86
-12.95,82.53,-10.77
-12.8,82.6,-10.68
-12.65,82.68,-10.59
-12.5,82.75,-10.5
-12.35,82.83,-10.41
-12.2,82.9,-10.32
-12.05,82.98,-10.23
-11.9,83.05,-10.14
-11.75,83.13,-10.05
-11.6,83.2,-9.96
-11.45,83.28,-9.87
-11.3,83.35,-9.78
-11.15,83.43,-9.69
-11,83.5,-9.6
-10.85,83.58,-9.51
-10.7,83.65,-9.42
-10.55,83.73,-9.33
-10.4,83.8,-9.24
-10.25,83.88,-9.15
-10.1,83.95,-9.06
-9.97,84.01,-8.98
-9.9,84.02,-8.92
-9.82,84.04,-8.86
-9.75,84.05,-8.8
-9.67,84.07,-8.74
-9.6,84.08,-8.68
-9.52,84.1,-8.62
-9.45,84.11,-8.56
-9.37,84.13,-8.5
-9.3,84.14,-8.44
-9.22,84.16,-8.38
-9.15,84.17,-8.32
-9.07,84.19,-8.26
-9,84.2,-8.2
-8.92,84.22,-8.14
-8.85,84.23,-8.08
-8.77,84.25,-8.02
-8.7,84.26,-7.96
-8.62,84.28,-7.9
-8.55,84.29,-7.84
-8.47,84.31,-7.78
-8.4,84.32,-7.72
-8.32,84.34,-7.66
-8.25,84.35,-7.6
-8.17,84.37,-7.54
-8.1,84.38,-7.48
-8.02,84.4,-7.42
-7.95,84.41,-7.36
-7.87,84.43,-7.3
-7.8,84.44,-7.24
-7.72,84.46,-7.18
-7.65,84.47,-7.12
-7.57,84.49,-7.06
-7.5,84.5,-7
-7.42,84.52,-6.94
-7.35,84.53,-6.88
-7.27,84.55,-6.82
-7.2,84.56,-6.76
-7.12,84.58,-6.7
-7.05,84.59,-6.64
-6.97,84.61,-6.58
-6.9,84.62,-6.52
-6.82,84.64,-6.46
-6.75,84.65,-6.4
-6.67,84.67,-6.34
-6.6,84.68,-6.28
-6.52,84.7,-6.22
-6.45,84.71,-6.16
-6.37,84.73,-6.1
-6.3,84.74,-6.04
-6.22,84.76,-5.98
-6.15,84.77,-5.92
-6.07,84.79,-5.86
-6,84.8,-5.8
-5.92,84.82,-5.74
-5.85,84.83,-5.68
-5.77,84.85,-5.62
-5.7,84.86,-5.56
-5.62,84.88,-5.5
-5.55,84.89,-5.44
-5.47,84.91,-5.38
-5.4,84.92,-5.32
-5.32,84.94,-5.26
-5.25,84.95,-5.2
-5.17,84.97,-5.14
-5.1,84.98,-5.08
-5.02,85,-5.02
-4.94,85.01,-4.94
-4.87,85.03,-4.87
-4.79,85.04,-4.79
-4.72,85.06,-4.72
-4.64,85.07,-4.64
-4.57,85.09,-4.57
-4.49,85.1,-4.49
-4.42,85.12,-4.42
-4.34,85.13,-4.34
-4.27,85.15,-4.27
-4.19,85.16,-4.19
-4.12,85.18,-4.12
-4.04,85.19,-4.04
-3.97,85.21,-3.97
-3.89,85.22,-3.89
-3.82,85.24,-3.82
-3.74,85.25,-3.74
-3.67,85.27,-3.67
-3.59,85.28,-3.59
-3.52,85.3,-3.52
-3.44,85.31,-3.44
-3.37,85.33,-3.37
-3.29,85.34,-3.29
-3.22,85.36,-3.22
-3.14,85.37,-3.14
-3.07,85.39,-3.07
-2.99,85.4,-2.99
-2.92,85.42,-2.92
-2.84,85.43,-2.84
-2.77,85.45,-2.77
-2.69,85.46,-2.69
-2.62,85.48,-2.62
-2.54,85.49,-2.54
-2.47,85.51,-2.47
-2.39,85.52,-2.39
-2.32,85.54,-2.32
-2.24,85.55,-2.24
-2.17,85.57,-2.17
-2.09,85.58,-2.09
-2.02,85.6,-2.02
-1.94,85.61,-1.94
-1.87,85.63,-1.87
-1.79,85.64,-1.79
-1.72,85.66,-1.72
-1.64,85.67,-1.64
-1.57,85.69,-1.57
-1.49,85.7,-1.49
-1.42,85.72,-1.42
-1.34,85.73,-1.34
-1.27,85.75,-1.27
-1.19,85.76,-1.19
-1.12,85.78,-1.12
-1.04,85.79,-1.04
-0.97,85.81,-0.97
-0.89,85.82,-0.89
-0.82,85.84,-0.82
-0.74,85.85,-0.74
-0.67,85.87,-0.67
-0.59,85.88,-0.59
-0.52,85.9,-0.52
-0.44,85.91,-0.44
-0.37,85.93,-0.37
-0.29,85.94,-0.29
-0.22,85.96,-0.22
-0.14,85.97,-0.14
-0.07,85.99,-0.07
0.01,86,0.02
0.12,85.98,0.2
0.22,85.97,0.38
0.33,85.95,0.56
0.43,85.94,0.74
0.54,85.92,0.92
0.64,85.91,1.1
0.75,85.89,1.28
0.85,85.88,1.46
0.96,85.86,1.64
1.06,85.85,1.82
1.17,85.83,2
1.27,85.82,2.18
1.38,85.8,2.36
1.48,85.79,2.54
1.59,85.77,2.72
1.69,85.76,2.9
1.8,85.74,3.08
1.9,85.73,3.26
2.01,85.71,3.44
2.11,85.7,3.62
2.22,85.68,3.8
2.32,85.67,3.98
2.43,85.65,4.16
2.53,85.64,4.34
2.64,85.62,4.52
2.74,85.61,4.7
2.85,85.59,4.88
2.95,85.58,5.06
3.06,85.56,5.24
3.16,85.55,5.42
3.27,85.53,5.6
3.37,85.52,5.78
3.48,85.5,5.96
3.58,85.49,6.14
3.69,85.47,6.32
3.79,85.46,6.5
3.9,85.44,6.68
4,85.43,6.86
4.11,85.41,7.04
4.21,85.4,7.22
4.32,85.38,7.4
4.42,85.37,7.58
4.53,85.35,7.76
4.63,85.34,7.94
4.74,85.32,8.12
4.84,85.31,8.3
4.95,85.29,8.48
5.05,85.28,8.66
5.16,85.26,8.84
5.26,85.25,9.02
5.37,85.23,9.2
5.47,85.22,9.38
5.58,85.2,9.56
5.68,85.19,9.74
5.79,85.17,9.92
5.89,85.16,10.1
6,85.14,10.28
6.1,85.13,10.46
6.21,85.11,10.64
6.31,85.1,10.82
6.42,85.08,11
6.52,85.07,11.18
6.63,85.05,11.36
6.73,85.04,11.54
6.84,85.02,11.72
6.94,85.01,11.9
7.04,84.99,12.24
7.11,84.98,12.75
7.19,84.96,13.26
7.26,84.95,13.77
7.34,84.93,14.28
7.41,84.92,14.79
7.49,84.9,15.3
7.56,84.89,15.81
7.64,84.87,16.32
7.71,84.86,16.83
7.79,84.84,17.34
7.86,84.83,17.85
7.94,84.81,18.36
8.01,84.8,18.87
8.09,84.78,19.38
8.16,84.77,19.89
8.24,84.75,20.4
8.31,84.74,20.91
8.39,84.72,21.42
8.46,84.71,21.93
8.54,84.69,22.44
8.61,84.68,22.95
8.69,84.66,23.46
8.76,84.65,23.97
8.84,84.63,24.48
8.91,84.62,24.99
8.99,84.6,25.5
9.06,84.59,26.02
9.14,84.57,26.53
9.21,84.56,27.04
9.29,84.54,27.55
9.36,84.53,28.06
9.44,84.51,28.57
9.51,84.5,29.08
9.59,84.48,29.59
9.66,84.47,30.1
9.74,84.45,30.61
9.81,84.44,31.12
9.89,84.42,31.63
9.96,84.41,32.14
10.04,84.39,32.65
10.11,84.38,33.16
10.19,84.36,33.67
10.26,84.35,34.18
10.34,84.33,34.69
10.41,84.32,35.2
10.49,84.3,35.71
10.56,84.29,36.22
10.64,84.27,36.73
10.71,84.26,37.24
10.79,84.24,37.75
10.86,84.23,38.26
10.94,84.21,38.77
11.01,84.2,39.28
11.09,84.18,39.79
11.16,84.17,40.3
11.24,84.15,40.81
11.31,84.14,41.32
11.39,84.12,41.83
11.46,84.11,42.34
11.54,84.09,42.85
11.61,84.08,43.36
11.69,84.06,43.87
11.76,84.05,44.38
11.84,84.03,44.89
11.91,84.02,45.4
11.99,84,45.91
12.15,83.95,46.1
12.33,83.89,46.22
12.51,83.83,46.34
12.69,83.77,46.46
12.87,83.71,46.58
13.05,83.65,46.7
13.23,83.59,46.82
13.41,83.53,46.94
13.59,83.47,47.06
13.77,83.41,47.18
13.95,83.35,47.3
14.13,83.29,47.42
14.31,83.23,47.54
14.49,83.17,47.66
14.67,83.11,47.78
14.85,83.05,47.9
15.03,82.99,48.02
15.21,82.93,48.14
15.39,82.87,48.26
15.57,82.81,48.38
15.75,82.75,48.5
15.93,82.69,48.62
16.11,82.63,48.74
16.29,82.57,48.86
16.47,82.51,48.98
16.65,82.45,49.1
16.83,82.39,49.22
17.01,82.33,49.34
17.19,82.27,49.46
17.37,82.21,49.58
17.55,82.15,49.7
17.73,82.09,49.82
17.91,82.03,49.94
18.09,81.97,50.06
18.27,81.91,50.18
18.45,81.85,50.3
18.63,81.79,50.42
18.81,81.73,50.54
18.99,81.67,50.66
19.17,81.61,50.78
19.35,81.55,50.9
19.53,81.49,51.02
19.71,81.43,51.14
19.89,81.37,51.26
20.07,81.31,51.38
20.25,81.25,51.5
20.43,81.19,51.62
20.61,81.13,51.74
20.79,81.07,51.86
20.97,81.01,51.98
21.15,80.95,52.1
21.33,80.89,52.22
21.51,80.83,52.34
21.69,80.77,52.46
21.87,80.71,52.58
22.06,80.65,52.7
22.24,80.59,52.82
22.42,80.53,52.94
22.6,80.47,53.06
22.78,80.41,53.18
22.96,80.35,53.3
23.14,80.29,53.42
23.32,80.23,53.54
23.5,80.17,53.66
23.68,80.11,53.78
23.86,80.05,53.9
24.03,79.98,54.01
24.16,79.91,54.07
24.3,79.83,54.13
24.43,79.76,54.19
24.57,79.68,54.25
24.7,79.61,54.31
24.84,79.53,54.37
24.97,79.46,54.43
25.11,79.38,54.49
25.24,79.31,54.55
25.38,79.23,54.61
25.51,79.16,54.67
25.65,79.08,54.73
25.78,79.01,54.79
25.92,78.93,54.85
26.05,78.86,54.91
26.19,78.78,54.97
26.32,78.71,55.03
26.46,78.63,55.09
26.59,78.56,55.15
26.73,78.48,55.21
26.86,78.41,55.27
27,78.33,55.33
27.13,78.26,55.39
27.27,78.18,55.45
27.4,78.11,55.51
27.54,78.03,55.57
27.67,77.96,55.63
27.81,77.88,55.69
27.94,77.81,55.75
28.08,77.73,55.81
28.21,77.66,55.87
28.35,77.58,55.93
28.48,77.51,55.99
28.62,77.43,56.05
28.75,77.36,56.11
28.89,77.28,56.17
29.02,77.21,56.23
29.16,77.13,56.29
29.29,77.06,56.35
29.43,76.98,56.41
29.56,76.91,56.47
29.7,76.83,56.53
29.83,76.76,56.59
29.97,76.68,56.65
30.11,76.61,56.71
30.24,76.53,56.77
30.38,76.46,56.83
30.51,76.38,56.89
30.65,76.31,56.95
30.78,76.23,57.01
30.92,76.16,57.07
31.05,76.08,57.13
31.19,76.01,57.19
31.32,75.93,57.25
31.46,75.86,57.31
31.59,75.78,57.37
31.73,75.71,57.43
31.86,75.63,57.49
32,75.56,57.55
32.13,75.48,57.61
32.27,75.41,57.67
32.4,75.33,57.73
32.54,75.26,57.79
32.67,75.18,57.85
32.81,75.11,57.91
32.94,75.03,57.97
33.05,74.96,58.03
33.14,74.88,58.09
33.23,74.81,58.15
33.32,74.73,58.21
33.41,74.66,58.27
33.5,74.58,58.33
33.59,74.51,58.39
33.68,74.43,58.45
33.77,74.36,58.51
33.86,74.28,58.57
33.95,74.21,58.63
34.04,74.13,58.69
34.13,74.06,58.75
34.22,73.98,58.81
34.31,73.91,58.87
34.4,73.83,58.93
34.49,73.76,58.99
34.58,73.68,59.05
34.67,73.61,59.11
34.76,73.53,59.17
34.85,73.46,59.23
34.94,73.38,59.29
35.03,73.31,59.35
35.12,73.23,59.41
35.21,73.16,59.47
35.3,73.08,59.53
35.39,73.01,59.59
35.48,72.93,59.65
35.57,72.86,59.71
35.66,72.78,59.77
35.75,72.71,59.83
35.84,72.63,59.89
35.93,72.56,59.95
36.02,72.48,60.02
36.11,72.41,60.08
36.2,72.33,60.14
36.29,72.26,60.2
36.38,72.18,60.26
36.47,72.11,60.32
36.56,72.03,60.38
36.65,71.96,60.44
36.74,71.88,60.5
36.83,71.81,60.56
36.92,71.73,60.62
37.01,71.66,60.68
37.1,71.58,60.74
37.19,71.51,60.8
37.28,71.43,60.86
37.37,71.36,60.92
37.46,71.28,60.98
37.55,71.21,61.04
37.64,71.13,61.1
37.73,71.06,61.16
37.82,70.98,61.22
37.91,70.91,61.28
38,70.83,61.34
38.09,70.76,61.4
38.18,70.68,61.46
38.27,70.61,61.52
38.36,70.53,61.58
38.45,70.46,61.64
38.54,70.38,61.7
38.63,70.31,61.76
38.72,70.23,61.82
38.81,70.16,61.88
38.9,70.08,61.94
38.99,70.01,62
39.08,69.93,62.11
39.17,69.85,62.23
39.26,69.78,62.35
39.35,69.7,62.47
39.44,69.63,62.59
39.53,69.55,62.71
39.62,69.48,62.83
39.71,69.4,62.95
39.8,69.33,63.07
39.89,69.25,63.19
39.98,69.18,63.31
40.07,69.1,63.43
40.16,69.03,63.55
40.25,68.95,63.67
40.34,68.88,63.79
40.43,68.8,63.91
40.52,68.73,64.03
40.61,68.65,64.15
40.7,68.58,64.27
40.79,68.5,64.39
40.88,68.43,64.51
40.97,68.35,64.63
41.07,68.28,64.75
41.16,68.2,64.87
41.25,68.13,64.99
41.34,68.05,65.11
41.43,67.98,65.23
41.52,67.9,65.35
41.61,67.83,65.47
41.7,67.75,65.59
41.79,67.68,65.71
41.88,67.6,65.83
41.97,67.53,65.95
42.06,67.45,66.07
42.15,67.38,66.19
42.24,67.3,66.31
42.33,67.23,66.43
42.42,67.15,66.55
42.51,67.08,66.67
42.6,67,66.79
42.69,66.93,66.91
42.78,66.85,67.03
42.87,66.78,67.15
42.96,66.7,67.27
43.05,66.63,67.39
43.14,66.55,67.51
43.23,66.48,67.63
43.32,66.4,67.75
43.41,66.33,67.87
43.5,66.25,67.99
43.59,66.18,68.12
43.68,66.1,68.24
43.77,66.03,68.36
43.86,65.95,68.48
43.95,65.88,68.6
44.04,65.8,68.72
44.13,65.73,68.84
44.22,65.65,68.96
44.31,65.58,69.08
44.4,65.5,69.2
44.49,65.43,69.32
44.58,65.35,69.44
44.67,65.28,69.56
44.76,65.2,69.68
44.85,65.13,69.8
44.94,65.05,69.92
45.01,64.98,70.04
45.06,64.9,70.16
45.1,64.83,70.28
45.15,64.75,70.4
45.19,64.68,70.52
45.24,64.6,70.64
45.28,64.53,70.76
45.33,64.45,70.88
45.37,64.38,71
45.42,64.3,71.12
45.46,64.23,71.24
45.51,64.15,71.36
45.55,64.08,71.48
45.6,64,71.6
45.64,63.93,71.72
45.69,63.85,71.84
45.73,63.78,71.96
45.78,63.7,72.08
45.82,63.63,72.2
45.87,63.55,72.32
45.91,63.48,72.44
45.96,63.4,72.56
46,63.33,72.68
46.05,63.25,72.8
46.09,63.18,72.92
46.14,63.1,73.04
46.18,63.03,73.16
46.23,62.95,73.28
46.27,62.88,73.4
46.32,62.8,73.52
46.36,62.73,73.64
46.41,62.65,73.76
46.45,62.58,73.88
46.5,62.5,74
46.54,62.43,74.12
46.59,62.35,74.24
46.63,62.28,74.36
46.68,62.2,74.48
46.72,62.13,74.6
46.77,62.05,74.72
46.81,61.98,74.84
46.86,61.9,74.96
46.9,61.83,75.08
46.95,61.75,75.2
46.99,61.68,75.32
47.04,61.6,75.44
47.08,61.53,75.56
47.13,61.45,75.68
47.17,61.38,75.8
47.22,61.3,75.92
47.26,61.23,76.04
47.31,61.15,76.16
47.35,61.08,76.28
47.4,61,76.4
47.44,60.93,76.52
47.49,60.85,76.64
47.53,60.78,76.76
47.58,60.7,76.88
47.62,60.63,77
47.67,60.55,77.12
47.71,60.48,77.24
47.76,60.4,77.36
47.8,60.33,77.48
47.85,60.25,77.6
47.89,60.18,77.72
47.94,60.1,77.84
47.98,60.03,77.96
48.05,59.95,78.07
48.13,59.87,78.18
48.2,59.8,78.28
48.28,59.72,78.39
48.35,59.65,78.49
48.43,59.57,78.6
48.5,59.5,78.7
48.58,59.42,78.81
48.65,59.35,78.91
48.73,59.27,79.02
48.8,59.2,79.12
48.88,59.12,79.23
48.95,59.05,79.33
49.03,58.97,79.44
49.1,58.9,79.54
49.18,58.82,79.65
49.25,58.75,79.75
49.33,58.67,79.86
49.4,58.6,79.96
49.48,58.52,80.07
49.55,58.45,80.17
49.63,58.37,80.28
49.7,58.3,80.38
49.78,58.22,80.49
49.85,58.15,80.59
49.93,58.07,80.7
50,58,80.8
50.08,57.92,80.91
50.15,57.85,81.01
50.23,57.77,81.12
50.3,57.7,81.22
50.38,57.62,81.33
50.45,57.55,81.43
50.53,57.47,81.54
50.6,57.4,81.64
50.68,57.32,81.75
50.75,57.25,81.85
50.83,57.17,81.96
50.9,57.1,82.06
50.98,57.02,82.17
51.05,56.95,82.27
51.13,56.87,82.38
51.2,56.8,82.48
51.28,56.72,82.59
51.35,56.65,82.69
51.43,56.57,82.8
51.5,56.5,82.9
51.58,56.42,83.01
51.65,56.35,83.11
51.73,56.27,83.22
51.8,56.2,83.32
51.88,56.12,83.43
51.95,56.05,83.53
52.03,55.97,83.64
52.1,55.9,83.74
52.18,55.82,83.85
52.25,55.75,83.95
52.33,55.67,84.06
52.4,55.6,84.16
52.48,55.52,84.27
52.55,55.45,84.37
52.63,55.37,84.48
52.7,55.3,84.58
52.78,55.22,84.69
52.85,55.15,84.79
52.93,55.07,84.9
53,55,85
53.05,54.92,85.12
53.09,54.85,85.24
53.14,54.77,85.36
53.18,54.7,85.48
53.23,54.62,85.6
53.27,54.55,85.72
53.32,54.47,85.84
53.36,54.4,85.96
53.41,54.32,86.08
53.45,54.25,86.2
53.5,54.17,86.32
53.54,54.1,86.44
53.59,54.02,86.56
53.63,53.95,86.68
53.68,53.87,86.8
53.72,53.8,86.92
53.77,53.72,87.05
53.81,53.65,87.17
53.86,53.57,87.29
53.9,53.5,87.41
53.95,53.42,87.53
53.99,53.35,87.65
54.04,53.27,87.77
54.08,53.2,87.89
54.13,53.12,88.01
54.17,53.05,88.13
54.22,52.97,88.25
54.26,52.9,88.37
54.31,52.82,88.49
54.35,52.75,88.61
54.4,52.67,88.73
54.44,52.6,88.85
54.49,52.52,88.97
54.53,52.45,89.09
54.58,52.37,89.21
54.62,52.3,89.33
54.67,52.22,89.45
54.71,52.15,89.57
54.76,52.07,89.69
54.8,52,89.81
54.85,51.92,89.93
54.89,51.85,90.05
54.94,51.77,90.17
54.98,51.7,90.29
55.03,51.62,90.41
55.07,51.55,90.53
55.12,51.47,90.65
55.16,51.4,90.77
55.21,51.32,90.89
55.25,51.25,91.01
55.3,51.17,91.13
55.34,51.1,91.25
55.39,51.02,91.37
55.43,50.95,91.49
55.48,50.87,91.61
55.52,50.8,91.73
55.57,50.72,91.85
55.61,50.65,91.97
55.66,50.57,92.09
55.7,50.5,92.21
55.75,50.42,92.33
55.79,50.35,92.45
55.84,50.27,92.57
55.88,50.2,92.69
55.93,50.12,92.81
55.97,50.05,92.93
56.01,49.97,93.04
56.04,49.89,93.15
56.07,49.82,93.25
56.1,49.74,93.36
56.13,49.67,93.46
56.16,49.59,93.57
56.19,49.52,93.67
56.22,49.44,93.78
56.25,49.37,93.88
56.28,49.29,93.99
56.31,49.22,94.09
56.34,49.14,94.2
56.37,49.07,94.3
56.4,48.99,94.41
56.43,48.92,94.51
56.46,48.84,94.62
56.49,48.77,94.72
56.52,48.69,94.83
56.55,48.62,94.93
56.58,48.54,95.04
56.61,48.47,95.14
56.64,48.39,95.25
56.67,48.32,95.35
56.7,48.24,95.46
56.73,48.17,95.56
56.76,48.09,95.67
56.79,48.02,95.77
56.82,47.94,95.88
56.85,47.87,95.98
56.88,47.79,96.09
56.91,47.72,96.19
56.94,47.64,96.3
56.97,47.57,96.4
57,47.49,96.51
57.03,47.42,96.61
57.06,47.34,96.72
57.09,47.27,96.82
57.12,47.19,96.93
57.15,47.12,97.03
57.18,47.04,97.14
57.21,46.97,97.24
57.24,46.89,97.35
57.27,46.82,97.45
57.3,46.74,97.56
57.33,46.67,97.66
57.36,46.59,97.77
57.39,46.52,97.87
57.42,46.44,97.98
57.45,46.37,98.08
57.48,46.29,98.19
57.51,46.22,98.29
57.54,46.14,98.4
57.57,46.07,98.5
57.6,45.99,98.61
57.63,45.92,98.71
57.66,45.84,98.82
57.69,45.77,98.92
57.72,45.69,99.03
57.75,45.62,99.14
57.78,45.54,99.24
57.81,45.47,99.35
57.84,45.39,99.45
57.87,45.32,99.56
57.9,45.24,99.66
57.93,45.17,99.77
57.96,45.09,99.87
57.99,45.02,99.98
58.02,44.94,100.08
58.05,44.87,100.19
58.08,44.79,100.29
58.11,44.72,100.4
58.14,44.64,100.5
58.17,44.57,100.61
58.2,44.49,100.71
58.23,44.42,100.82
58.26,44.34,100.92
58.29,44.27,101.03
58.32,44.19,101.13
58.35,44.12,101.24
58.38,44.04,101.34
58.41,43.97,101.45
58.44,43.89,101.55
58.47,43.82,101.66
58.5,43.74,101.76
58.53,43.67,101.87
58.56,43.59,101.97
58.59,43.52,102.08
58.62,43.44,102.18
58.65,43.37,102.29
58.68,43.29,102.39
58.71,43.22,102.5
58.74,43.14,102.6
58.77,43.07,102.71
58.8,42.99,102.81
58.83,42.92,102.92
58.86,42.84,103.02
58.89,42.77,103.13
58.92,42.69,103.23
58.95,42.62,103.34
58.98,42.54,103.44
59.01,42.47,103.55
59.04,42.39,103.65
59.07,42.32,103.76
59.1,42.24,103.86
59.13,42.17,103.97
59.16,42.09,104.07
59.19,42.02,104.18
59.22,41.94,104.28
59.25,41.87,104.39
59.28,41.79,104.49
59.31,41.72,104.6
59.34,41.64,104.7
59.37,41.57,104.81
59.4,41.49,104.91
59.43,41.42,105.02
59.46,41.34,105.12
59.49,41.27,105.23
59.52,41.19,105.33
59.55,41.12,105.44
59.58,41.04,105.54
59.61,40.97,105.65
59.64,40.89,105.75
59.67,40.82,105.86
59.7,40.74,105.96
59.73,40.67,106.07
59.76,40.59,106.17
59.79,40.52,106.28
59.82,40.44,106.38
59.85,40.37,106.49
59.88,40.29,106.59
59.91,40.22,106.7
59.94,40.14,106.8
59.97,40.07,106.91
60,39.99,107.01
60.02,39.91,107.12
60.03,39.84,107.22
60.05,39.76,107.33
60.06,39.69,107.43
60.08,39.61,107.54
60.09,39.54,107.64
60.11,39.46,107.75
60.12,39.39,107.85
60.14,39.31,107.96
60.15,39.24,108.06
60.17,39.16,108.17
60.18,39.09,108.27
60.2,39.01,108.38
60.21,38.94,108.48
60.23,38.86,108.59
60.24,38.79,108.69
60.26,38.71,108.8
60.27,38.64,108.9
60.29,38.56,109.01
60.3,38.49,109.12
60.32,38.41,109.22
60.33,38.34,109.33
60.35,38.26,109.43
60.36,38.19,109.54
60.38,38.11,109.64
60.39,38.04,109.75
60.41,37.96,109.85
60.42,37.89,109.96
60.44,37.81,110.06
60.45,37.74,110.17
60.47,37.66,110.27
60.48,37.59,110.38
60.5,37.51,110.48
60.51,37.44,110.59
60.53,37.36,110.69
60.54,37.29,110.8
60.56,37.21,110.9
60.57,37.14,111.01
60.59,37.06,111.11
60.6,36.99,111.22
60.62,36.91,111.32
60.63,36.84,111.43
60.65,36.76,111.53
60.66,36.69,111.64
60.68,36.61,111.74
60.69,36.54,111.85
60.71,36.46,111.95
60.72,36.39,112.06
60.74,36.31,112.16
60.75,36.24,112.27
60.77,36.16,112.37
60.78,36.09,112.48
60.8,36.01,112.58
60.81,35.94,112.69
60.83,35.86,112.79
60.84,35.79,112.9
60.86,35.71,113
60.87,35.64,113.11
60.89,35.56,113.21
60.9,35.49,113.32
60.92,35.41,113.42
60.93,35.34,113.53
60.95,35.26,113.63
60.96,35.19,113.74
60.98,35.11,113.84
60.99,35.04,113.95
61.01,34.96,114.08
61.02,34.89,114.23
61.04,34.81,114.38
61.05,34.74,114.53
61.07,34.66,114.68
61.08,34.59,114.83
61.1,34.51,114.98
61.11,34.44,115.13
61.13,34.36,115.28
61.14,34.29,115.43
61.16,34.21,115.58
61.17,34.14,115.73
61.19,34.06,115.88
61.2,33.99,116.03
61.22,33.91,116.18
61.23,33.84,116.33
61.25,33.76,116.48
61.26,33.69,116.63
61.28,33.61,116.78
61.29,33.54,116.93
61.31,33.46,117.08
61.32,33.39,117.23
61.34,33.31,117.38
61.35,33.24,117.53
61.37,33.16,117.68
61.38,33.09,117.83
61.4,33.01,117.98
61.41,32.94,118.13
61.43,32.86,118.28
61.44,32.79,118.43
61.46,32.71,118.58
61.47,32.64,118.73
61.49,32.56,118.88
61.5,32.49,119.03
61.52,32.41,119.18
61.53,32.34,119.33
61.55,32.26,119.48
61.56,32.19,119.63
61.58,32.11,119.78
61.59,32.04,119.93
61.61,31.96,120.08
61.62,31.89,120.23
61.64,31.81,120.38
61.65,31.74,120.53
61.67,31.66,120.68
61.68,31.59,120.83
61.7,31.51,120.98
61.71,31.44,121.13
61.73,31.36,121.28
61.74,31.29,121.43
61.76,31.21,121.58
61.77,31.14,121.73
61.79,31.06,121.88
61.8,30.99,122.03
61.82,30.91,122.18
61.83,30.84,122.33
61.85,30.76,122.48
61.86,30.69,122.63
61.88,30.61,122.78
61.89,30.54,122.93
61.91,30.46,123.08
61.92,30.39,123.23
61.94,30.31,123.38
61.95,30.24,123.53
61.97,30.16,123.68
61.98,30.09,123.83
62,30.01,123.98
62.01,29.93,124.09
62.03,29.86,124.2
62.04,29.78,124.3
62.06,29.71,124.41
62.07,29.63,124.51
62.09,29.56,124.62
62.1,29.48,124.72
62.12,29.41,124.83
62.13,29.33,124.93
62.15,29.26,125.04
62.16,29.18,125.14
62.18,29.11,125.25
62.19,29.03,125.35
62.21,28.96,125.46
62.22,28.88,125.56
62.24,28.81,125.67
62.25,28.73,125.77
62.27,28.66,125.88
62.28,28.58,125.98
62.3,28.51,126.09
62.31,28.43,126.19
62.33,28.36,126.3
62.34,28.28,126.4
62.36,28.21,126.51
62.37,28.13,126.61
62.39,28.06,126.72
62.4,27.98,126.82
62.42,27.91,126.93
62.43,27.83,127.03
62.45,27.76,127.14
62.46,27.68,127.24
62.48,27.61,127.35
62.49,27.53,127.45
62.51,27.46,127.56
62.52,27.38,127.66
62.54,27.31,127.77
62.55,27.23,127.87
62.57,27.16,127.98
62.58,27.08,128.08
62.6,27.01,128.19
62.61,26.93,128.29
62.63,26.86,128.4
62.64,26.78,128.5
62.66,26.71,128.61
62.67,26.63,128.71
62.69,26.56,128.82
62.7,26.48,128.92
62.72,26.41,129.03
62.73,26.33,129.13
62.75,26.26,129.24
62.76,26.18,129.34
62.78,26.11,129.45
62.79,26.03,129.55
62.81,25.96,129.66
62.82,25.88,129.76
62.84,25.81,129.87
62.85,25.73,129.97
62.87,25.66,130.08
62.88,25.58,130.18
62.9,25.51,130.29
62.91,25.43,130.39
62.93,25.36,130.5
62.94,25.28,130.6
62.96,25.21,130.71
62.97,25.13,130.81
62.99,25.06,130.92
63,24.98,131.02
62.99,24.91,131.13
62.98,24.83,131.23
62.98,24.76,131.34
62.97,24.68,131.44
62.96,24.61,131.55
62.95,24.53,131.65
62.95,24.46,131.76
62.94,24.38,131.86
62.93,24.31,131.97
62.92,24.23,132.08
62.92,24.16,132.18
62.91,24.08,132.29
62.9,24.01,132.39
62.89,23.93,132.5
62.89,23.86,132.6
62.88,23.78,132.71
62.87,23.71,132.81
62.86,23.63,132.92
62.86,23.56,133.02
62.85,23.48,133.13
62.84,23.41,133.23
62.83,23.33,133.34
62.83,23.26,133.44
62.82,23.18,133.55
62.81,23.11,133.65
62.8,23.03,133.76
62.8,22.96,133.86
62.79,22.88,133.97
62.78,22.81,134.07
62.77,22.73,134.18
62.77,22.66,134.28
62.76,22.58,134.39
62.75,22.51,134.49
62.74,22.43,134.6
62.74,22.36,134.7
62.73,22.28,134.81
62.72,22.21,134.91
62.71,22.13,135.02
62.71,22.06,135.12
62.7,21.98,135.23
62.69,21.91,135.33
62.68,21.83,135.44
62.68,21.76,135.54
62.67,21.68,135.65
62.66,21.61,135.75
62.65,21.53,135.86
62.65,21.46,135.96
62.64,21.38,136.07
62.63,21.31,136.17
62.62,21.23,136.28
62.62,21.16,136.38
62.61,21.08,136.49
62.6,21.01,136.59
62.59,20.93,136.7
62.59,20.86,136.8
62.58,20.78,136.91
62.57,20.71,137.01
62.56,20.63,137.12
62.56,20.56,137.22
62.55,20.48,137.33
62.54,20.41,137.43
62.53,20.33,137.54
62.53,20.26,137.64
62.52,20.18,137.75
62.51,20.11,137.85
62.5,20.03,137.96
62.5,19.95,138.05
62.49,19.88,138.14
62.48,19.8,138.23
62.47,19.73,138.32
62.47,19.65,138.41
62.46,19.58,138.5
62.45,19.5,138.59
62.44,19.43,138.68
62.44,19.35,138.77
62.43,19.28,138.86
62.42,19.2,138.95
62.41,19.13,139.04
62.41,19.05,139.13
62.4,18.98,139.22
62.39,18.9,139.31
62.38,18.83,139.4
62.38,18.75,139.49
62.37,18.68,139.58
62.36,18.6,139.67
62.35,18.53,139.76
62.35,18.45,139.85
62.34,18.38,139.94
62.33,18.3,140.04
62.32,18.23,140.13
62.32,18.15,140.22
62.31,18.08,140.31
62.3,18,140.4
62.29,17.93,140.49
62.29,17.85,140.58
62.28,17.78,140.67
62.27,17.7,140.76
62.26,17.63,140.85
62.26,17.55,140.94
62.25,17.48,141.03
62.24,17.4,141.12
62.23,17.33,141.21
62.23,17.25,141.3
62.22,17.18,141.39
62.21,17.1,141.48
62.2,17.03,141.57
62.2,16.95,141.66
62.19,16.88,141.75
62.18,16.8,141.84
62.17,16.73,141.93
62.17,16.65,142.02
62.16,16.58,142.11
62.15,16.5,142.2
62.14,16.43,142.29
62.14,16.35,142.38
62.13,16.28,142.47
62.12,16.2,142.56
62.11,16.13,142.65
62.11,16.05,142.74
62.1,15.98,142.83
62.09,15.9,142.92
62.08,15.83,143.01
62.08,15.75,143.1
62.07,15.68,143.19
62.06,15.6,143.28
62.05,15.53,143.37
62.05,15.45,143.46
62.04,15.38,143.55
62.03,15.3,143.64
62.02,15.23,143.73
62.02,15.15,143.82
62.01,15.08,143.91
62,15,144
61.99,14.93,144.09
61.99,14.85,144.18
61.98,14.78,144.27
61.97,14.7,144.36
61.96,14.63,144.45
61.96,14.55,144.54
61.95,14.48,144.63
61.94,14.4,144.72
61.93,14.33,144.81
61.93,14.25,144.9
61.92,14.18,144.99
61.91,14.1,145.08
61.9,14.03,145.17
61.9,13.95,145.26
61.89,13.88,145.35
61.88,13.8,145.44
61.87,13.73,145.53
61.87,13.65,145.62
61.86,13.58,145.71
61.85,13.5,145.8
61.84,13.43,145.89
61.84,13.35,145.98
61.83,13.28,146.07
61.82,13.2,146.16
61.81,13.13,146.25
61.81,13.05,146.34
61.8,12.98,146.43
61.79,12.9,146.52
61.78,12.83,146.61
61.78,12.75,146.7
61.77,12.68,146.79
61.76,12.6,146.88
61.75,12.53,146.97
61.75,12.45,147.06
61.74,12.38,147.15
61.73,12.3,147.24
61.72,12.23,147.33
61.72,12.15,147.42
61.71,12.08,147.51
61.7,12,147.6
61.69,11.93,147.69
61.69,11.85,147.78
61.68,11.78,147.87
61.67,11.7,147.96
61.66,11.63,148.05
61.66,11.55,148.14
61.65,11.48,148.23
61.64,11.4,148.32
61.63,11.33,148.41
61.63,11.25,148.5
61.62,11.18,148.59
61.61,11.1,148.68
61.6,11.03,148.77
61.6,10.95,148.86
61.59,10.88,148.95
61.58,10.8,149.04
61.57,10.73,149.13
61.57,10.65,149.22
61.56,10.58,149.31
61.55,10.5,149.4
61.54,10.43,149.49
61.54,10.35,149.58
61.53,10.28,149.67
61.52,10.2,149.76
61.51,10.13,149.85
61.51,10.05,149.94
61.5,9.97,150.03
61.49,9.9,150.1
61.49,9.82,150.18
61.49,9.75,150.25
61.48,9.67,150.33
61.48,9.6,150.4
61.48,9.52,150.48
61.47,9.45,150.55
61.47,9.37,150.63
61.46,9.3,150.7
61.46,9.22,150.78
61.46,9.15,150.85
61.45,9.07,150.93
61.45,9,151
61.45,8.92,151.08
61.44,8.85,151.15
61.44,8.77,151.23
61.43,8.7,151.3
61.43,8.62,151.38
61.43,8.55,151.45
61.42,8.47,151.53
61.42,8.4,151.6
61.42,8.32,151.68
61.41,8.25,151.75
61.41,8.17,151.83
61.4,8.1,151.9
61.4,8.02,151.98
61.4,7.95,152.05
61.39,7.87,152.13
61.39,7.8,152.2
61.39,7.72,152.28
61.38,7.65,152.35
61.38,7.57,152.43
61.37,7.5,152.5
61.37,7.42,152.58
61.37,7.35,152.65
61.36,7.27,152.73
61.36,7.2,152.8
61.36,7.12,152.88
61.35,7.05,152.95
61.35,6.97,153.03
61.34,6.9,153.1
61.34,6.82,153.18
61.34,6.75,153.25
61.33,6.67,153.33
61.33,6.6,153.4
61.33,6.52,153.48
61.32,6.45,153.55
61.32,6.37,153.63
61.31,6.3,153.7
61.31,6.22,153.78
61.31,6.15,153.85
61.3,6.07,153.93
61.3,6,154
61.3,5.92,154.08
61.29,5.85,154.15
61.29,5.77,154.23
61.28,5.7,154.3
61.28,5.62,154.38
61.28,5.55,154.45
61.27,5.47,154.53
61.27,5.4,154.6
61.27,5.32,154.68
61.26,5.25,154.75
61.26,5.17,154.83
61.25,5.1,154.9
61.25,5.02,154.98
61.25,4.95,155.06
61.24,4.87,155.15
61.24,4.8,155.24
61.24,4.72,155.33
61.23,4.65,155.42
61.23,4.57,155.51
61.22,4.5,155.6
61.22,4.42,155.69
61.22,4.35,155.78
61.21,4.27,155.87
61.21,4.2,155.96
61.21,4.12,156.05
61.2,4.05,156.14
61.2,3.97,156.23
61.19,3.9,156.32
61.19,3.82,156.41
61.19,3.75,156.5
61.18,3.67,156.59
61.18,3.6,156.68
61.18,3.52,156.77
61.17,3.45,156.86
61.17,3.37,156.95
61.16,3.3,157.04
61.16,3.22,157.13
61.16,3.15,157.22
61.15,3.07,157.31
61.15,3,157.4
61.15,2.92,157.49
61.14,2.85,157.58
61.14,2.77,157.67
61.13,2.7,157.76
61.13,2.62,157.85
61.13,2.55,157.94
61.12,2.47,158.03
61.12,2.4,158.12
61.12,2.32,158.21
61.11,2.25,158.3
61.11,2.17,158.39
61.1,2.1,158.48
61.1,2.02,158.57
61.1,1.95,158.66
61.09,1.87,158.75
61.09,1.8,158.84
61.09,1.72,158.93
61.08,1.65,159.03
61.08,1.57,159.12
61.07,1.5,159.21
61.07,1.42,159.3
61.07,1.35,159.39
61.06,1.27,159.48
61.06,1.2,159.57
61.06,1.12,159.66
61.05,1.05,159.75
61.05,0.97,159.84
61.04,0.9,159.93
61.04,0.82,160.02
61.04,0.75,160.11
61.03,0.67,160.2
61.03,0.6,160.29
61.03,0.52,160.38
61.02,0.45,160.47
61.02,0.37,160.56
61.01,0.3,160.65
61.01,0.22,160.74
61.01,0.15,160.83
61,0.07,160.92
61,-0.01,161
60.97,-0.08,161.05
60.94,-0.16,161.09
60.91,-0.23,161.14
60.88,-0.31,161.18
60.85,-0.38,161.23
60.82,-0.46,161.27
60.79,-0.53,161.32
60.76,-0.61,161.36
60.73,-0.68,161.41
60.7,-0.76,161.45
60.67,-0.83,161.5
60.64,-0.91,161.54
60.61,-0.98,161.59
60.58,-1.06,161.63
60.55,-1.13,161.68
60.52,-1.21,161.72
60.49,-1.28,161.77
60.46,-1.36,161.81
60.43,-1.43,161.86
60.4,-1.51,161.9
60.37,-1.58,161.95
60.34,-1.66,161.99
60.31,-1.73,162.04
60.28,-1.81,162.08
60.25,-1.88,162.13
60.22,-1.96,162.17
60.19,-2.03,162.22
60.16,-2.11,162.26
60.13,-2.18,162.31
60.1,-2.26,162.35
60.07,-2.33,162.4
60.04,-2.41,162.44
60.01,-2.48,162.49
59.98,-2.56,162.53
59.95,-2.63,162.58
59.92,-2.71,162.62
59.89,-2.78,162.67
59.86,-2.86,162.71
59.83,-2.93,162.76
59.8,-3.01,162.8
59.77,-3.08,162.85
59.74,-3.16,162.89
59.71,-3.23,162.94
59.68,-3.31,162.98
59.65,-3.38,163.03
59.62,-3.46,163.07
59.59,-3.53,163.12
59.56,-3.61,163.16
59.53,-3.68,163.21
59.5,-3.76,163.25
59.47,-3.83,163.3
59.44,-3.91,163.34
59.41,-3.98,163.39
59.38,-4.06,163.43
59.35,-4.13,163.48
59.32,-4.21,163.52
59.29,-4.28,163.57
59.26,-4.36,163.61
59.23,-4.43,163.66
59.2,-4.51,163.7
59.17,-4.58,163.75
59.14,-4.66,163.79
59.11,-4.73,163.84
59.08,-4.81,163.88
59.05,-4.88,163.93
59.02,-4.96,163.97
58.99,-5.03,164.02
58.96,-5.11,164.06
58.93,-5.18,164.11
58.9,-5.26,164.15
58.87,-5.33,164.2
58.84,-5.41,164.24
58.81,-5.48,164.29
58.78,-5.56,164.33
58.75,-5.63,164.38
58.72,-5.71,164.42
58.69,-5.78,164.47
58.66,-5.86,164.51
58.63,-5.93,164.56
58.6,-6.01,164.6
58.57,-6.08,164.65
58.54,-6.16,164.69
58.51,-6.23,164.74
58.48,-6.31,164.78
58.45,-6.38,164.83
58.42,-6.46,164.87
58.39,-6.53,164.92
58.36,-6.61,164.96
58.33,-6.68,165.01
58.3,-6.76,165.06
58.27,-6.83,165.1
58.24,-6.91,165.15
58.21,-6.98,165.19
58.18,-7.06,165.24
58.15,-7.13,165.28
58.12,-7.21,165.33
58.09,-7.28,165.37
58.06,-7.36,165.42
58.03,-7.43,165.46
58,-7.51,165.51
57.97,-7.58,165.55
57.94,-7.66,165.6
57.91,-7.73,165.64
57.88,-7.81,165.69
57.85,-7.88,165.73
57.82,-7.96,165.78
57.79,-8.03,165.82
57.76,-8.11,165.87
57.73,-8.18,165.91
57.7,-8.26,165.96
57.67,-8.33,166
57.64,-8.41,166.05
57.61,-8.48,166.09
57.58,-8.56,166.14
57.55,-8.63,166.18
57.52,-8.71,166.23
57.49,-8.78,166.27
57.46,-8.86,166.32
57.43,-8.93,166.36
57.4,-9.01,166.41
57.37,-9.08,166.45
57.34,-9.16,166.5
57.31,-9.23,166.54
57.28,-9.31,166.59
57.25,-9.38,166.63
57.22,-9.46,166.68
57.19,-9.53,166.72
57.16,-9.61,166.77
57.13,-9.68,166.81
57.1,-9.76,166.86
57.07,-9.83,166.9
57.04,-9.91,166.95
57.01,-9.98,166.99
56.98,-10.06,167.04
56.95,-10.14,167.08
56.92,-10.21,167.13
56.89,-10.29,167.17
56.86,-10.36,167.22
56.83,-10.44,167.26
56.8,-10.51,167.31
56.77,-10.59,167.35
56.74,-10.66,167.4
56.71,-10.74,167.44
56.68,-10.81,167.49
56.65,-10.89,167.53
56.62,-10.96,167.58
56.59,-11.04,167.62
56.56,-11.11,167.67
56.53,-11.19,167.71
56.5,-11.26,167.76
56.47,-11.34,167.8
56.44,-11.41,167.85
56.41,-11.49,167.89
56.38,-11.56,167.94
56.35,-11.64,167.98
56.32,-11.71,168.03
56.29,-11.79,168.07
56.26,-11.86,168.12
56.23,-11.94,168.16
56.2,-12.01,168.21
56.17,-12.09,168.25
56.14,-12.16,168.3
56.11,-12.24,168.34
56.08,-12.31,168.39
56.05,-12.39,168.43
56.02,-12.46,168.48
55.99,-12.54,168.52
55.96,-12.61,168.57
55.93,-12.69,168.61
55.9,-12.76,168.66
55.87,-12.84,168.7
55.84,-12.91,168.75
55.81,-12.99,168.79
55.78,-13.06,168.84
55.75,-13.14,168.88
55.72,-13.21,168.93
55.69,-13.29,168.97
55.66,-13.36,169.02
55.63,-13.44,169.06
55.6,-13.51,169.11
55.57,-13.59,169.15
55.54,-13.66,169.2
55.51,-13.74,169.24
55.48,-13.81,169.29
55.45,-13.89,169.33
55.42,-13.96,169.38
55.39,-14.04,169.42
55.36,-14.11,169.47
55.33,-14.19,169.51
55.3,-14.26,169.56
55.27,-14.34,169.6
55.24,-14.41,169.65
55.21,-14.49,169.69
55.18,-14.56,169.74
55.15,-14.64,169.78
55.12,-14.71,169.83
55.09,-14.79,169.87
55.06,-14.86,169.92
55.03,-14.94,169.96
54.99,-15.01,170.01
54.95,-15.09,170.04
54.9,-15.16,170.07
54.86,-15.24,170.1
54.81,-15.31,170.13
54.77,-15.39,170.16
54.72,-15.46,170.19
54.68,-15.54,170.22
54.63,-15.61,170.25
54.59,-15.69,170.28
54.54,-15.76,170.31
54.5,-15.84,170.34
54.45,-15.91,170.37
54.41,-15.99,170.4
54.36,-16.06,170.43
54.32,-16.14,170.46
54.27,-16.21,170.49
54.23,-16.29,170.52
54.18,-16.36,170.55
54.14,-16.44,170.58
54.09,-16.51,170.61
54.05,-16.59,170.64
54,-16.66,170.67
53.96,-16.74,170.7
53.91,-16.81,170.73
53.87,-16.89,170.76
53.82,-16.96,170.79
53.78,-17.04,170.82
53.73,-17.11,170.85
53.69,-17.19,170.88
53.64,-17.26,170.91
53.6,-17.34,170.94
53.55,-17.41,170.97
53.51,-17.49,171
53.46,-17.56,171.03
53.42,-17.64,171.06
53.37,-17.71,171.09
53.33,-17.79,171.12
53.28,-17.86,171.15
53.24,-17.94,171.18
53.19,-18.01,171.21
53.15,-18.09,171.24
53.1,-18.16,171.27
53.06,-18.24,171.3
53.01,-18.31,171.33
52.97,-18.39,171.36
52.92,-18.46,171.39
52.88,-18.54,171.42
52.83,-18.61,171.45
52.79,-18.69,171.48
52.74,-18.76,171.51
52.7,-18.84,171.54
52.65,-18.91,171.57
52.61,-18.99,171.6
52.56,-19.06,171.63
52.52,-19.14,171.66
52.47,-19.21,171.69
52.43,-19.29,171.72
52.38,-19.36,171.75
52.34,-19.44,171.78
52.29,-19.51,171.81
52.25,-19.59,171.84
52.2,-19.66,171.87
52.16,-19.74,171.9
52.11,-19.81,171.93
52.07,-19.89,171.96
52.02,-19.96,171.99
51.94,-20.04,172.02
51.84,-20.12,172.07
51.73,-20.19,172.11
51.63,-20.27,172.16
51.52,-20.34,172.2
51.42,-20.42,172.25
51.31,-20.49,172.29
51.21,-20.57,172.34
51.1,-20.64,172.38
51,-20.72,172.43
50.89,-20.79,172.47
50.79,-20.87,172.52
50.68,-20.94,172.56
50.58,-21.02,172.61
50.47,-21.09,172.65
50.37,-21.17,172.7
50.26,-21.24,172.74
50.16,-21.32,172.79
50.05,-21.39,172.83
49.95,-21.47,172.88
49.84,-21.54,172.92
49.74,-21.62,172.97
49.63,-21.69,173.01
49.53,-21.77,173.06
49.42,-21.84,173.1
49.32,-21.92,173.15
49.21,-21.99,173.19
49.11,-22.07,173.24
49,-22.14,173.28
48.9,-22.22,173.33
48.79,-22.29,173.37
48.69,-22.37,173.42
48.58,-22.44,173.46
48.48,-22.52,173.51
48.37,-22.59,173.55
48.27,-22.67,173.6
48.16,-22.74,173.64
48.06,-22.82,173.69
47.95,-22.89,173.73
47.85,-22.97,173.78
47.74,-23.04,173.82
47.64,-23.12,173.87
47.53,-23.19,173.91
47.43,-23.27,173.96
47.32,-23.34,174.01
47.22,-23.42,174.05
47.11,-23.49,174.1
47.01,-23.57,174.14
46.9,-23.64,174.19
46.8,-23.72,174.23
46.69,-23.79,174.28
46.59,-23.87,174.32
46.48,-23.94,174.37
46.38,-24.02,174.41
46.27,-24.09,174.46
46.17,-24.17,174.5
46.06,-24.24,174.55
45.96,-24.32,174.59
45.85,-24.39,174.64
45.75,-24.47,174.68
45.64,-24.54,174.73
45.54,-24.62,174.77
45.43,-24.69,174.82
45.33,-24.77,174.86
45.22,-24.84,174.91
45.12,-24.92,174.95
45.01,-24.99,175
44.95,-25.07,175.01
44.89,-25.14,175.03
44.83,-25.22,175.04
44.77,-25.29,175.06
44.71,-25.37,175.07
44.65,-25.44,175.09
44.59,-25.52,175.1
44.53,-25.59,175.12
44.47,-25.67,175.13
44.41,-25.74,175.15
44.35,-25.82,175.16
44.29,-25.89,175.18
44.23,-25.97,175.19
44.17,-26.04,175.21
44.11,-26.12,175.22
44.05,-26.19,175.24
43.99,-26.27,175.25
43.93,-26.34,175.27
43.87,-26.42,175.28
43.81,-26.49,175.3
43.75,-26.57,175.31
43.69,-26.64,175.33
43.63,-26.72,175.34
43.57,-26.79,175.36
43.51,-26.87,175.37
43.45,-26.94,175.39
43.39,-27.02,175.4
43.33,-27.09,175.42
43.27,-27.17,175.43
43.21,-27.24,175.45
43.15,-27.32,175.46
43.09,-27.39,175.48
43.03,-27.47,175.49
42.96,-27.54,175.51
42.9,-27.62,175.52
42.84,-27.69,175.54
42.78,-27.77,175.55
42.72,-27.84,175.57
42.66,-27.92,175.58
42.6,-27.99,175.6
42.54,-28.07,175.61
42.48,-28.14,175.63
42.42,-28.22,175.64
42.36,-28.29,175.66
42.3,-28.37,175.67
42.24,-28.44,175.69
42.18,-28.52,175.7
42.12,-28.59,175.72
42.06,-28.67,175.73
42,-28.74,175.75
41.94,-28.82,175.76
41.88,-28.89,175.78
41.82,-28.97,175.79
41.76,-29.04,175.81
41.7,-29.12,175.82
41.64,-29.19,175.84
41.58,-29.27,175.85
41.52,-29.34,175.87
41.46,-29.42,175.88
41.4,-29.49,175.9
41.34,-29.57,175.91
41.28,-29.64,175.93
41.22,-29.72,175.94
41.16,-29.79,175.96
41.1,-29.87,175.97
41.04,-29.94,175.99
40.99,-30.02,176
40.96,-30.1,176
40.93,-30.17,176
40.9,-30.25,176
40.87,-30.32,176
40.84,-30.4,176
40.81,-30.47,176
40.78,-30.55,176
40.75,-30.62,176
40.72,-30.7,176
40.69,-30.77,176
40.66,-30.85,176
40.63,-30.92,176
40.6,-31,176
40.57,-31.07,176
40.54,-31.15,176
40.51,-31.22,176
40.48,-31.3,176
40.45,-31.37,176
40.42,-31.45,176
40.39,-31.52,176
40.36,-31.6,176
40.33,-31.67,176
40.3,-31.75,176
40.27,-31.82,176
40.24,-31.9,176
40.21,-31.97,176
40.18,-32.05,176
40.15,-32.12,176
40.12,-32.2,176
40.09,-32.27,176
40.06,-32.35,176
40.03,-32.42,176
40,-32.5,176
39.97,-32.57,176
39.94,-32.65,176
39.91,-32.72,176
39.88,-32.8,176
39.85,-32.87,176
39.82,-32.95,176
39.79,-33.02,176
39.76,-33.1,176
39.73,-33.17,176
39.7,-33.25,176
39.67,-33.32,176
39.64,-33.4,176
39.61,-33.47,176
39.58,-33.55,176
39.55,-33.62,176
39.52,-33.7,176
39.49,-33.77,176
39.46,-33.85,176
39.43,-33.92,176
39.4,-34,176
39.37,-34.07,176
39.34,-34.15,176
39.31,-34.22,176
39.28,-34.3,176
39.25,-34.37,176
39.22,-34.45,176
39.19,-34.52,176
39.16,-34.6,176
39.13,-34.67,176
39.1,-34.75,176
39.07,-34.82,176
39.04,-34.9,176
39.01,-34.97,176
38.84,-35.02,176.04
38.58,-35.05,176.1
38.33,-35.08,176.16
38.07,-35.11,176.22
37.82,-35.14,176.28
37.56,-35.17,176.34
37.31,-35.2,176.4
37.05,-35.23,176.46
36.8,-35.26,176.52
36.54,-35.29,176.58
36.29,-35.32,176.64
36.03,-35.35,176.7
35.78,-35.38,176.76
35.52,-35.41,176.82
35.27,-35.44,176.88
35.01,-35.47,176.94
34.76,-35.5,177
34.5,-35.53,177.06
34.25,-35.56,177.12
33.99,-35.59,177.18
33.74,-35.62,177.24
33.48,-35.65,177.3
33.23,-35.68,177.36
32.97,-35.71,177.42
32.72,-35.74,177.48
32.46,-35.77,177.54
32.21,-35.8,177.6
31.95,-35.83,177.66
31.69,-35.86,177.72
31.44,-35.89,177.78
31.18,-35.92,177.84
30.93,-35.95,177.9
30.67,-35.98,177.96
30.42,-36.01,178.02
30.16,-36.04,178.08
29.91,-36.07,178.14
29.65,-36.1,178.2
29.4,-36.13,178.26
29.14,-36.16,178.32
28.89,-36.19,178.38
28.63,-36.22,178.44
28.38,-36.25,178.5
28.12,-36.28,178.56
27.87,-36.31,178.62
27.61,-36.34,178.68
27.36,-36.37,178.74
27.1,-36.4,178.8
26.85,-36.43,178.86
26.59,-36.46,178.92
26.34,-36.49,178.98
26.08,-36.52,179.04
25.83,-36.55,179.1
25.57,-36.58,179.16
25.32,-36.61,179.22
25.06,-36.64,179.28
24.81,-36.67,179.34
24.55,-36.7,179.4
24.3,-36.73,179.46
24.04,-36.76,179.52
23.79,-36.79,179.58
23.53,-36.82,179.64
23.28,-36.85,179.7
23.02,-36.88,179.76
22.77,-36.91,179.82
22.51,-36.94,179.88
22.26,-36.97,179.94
22,-37,180
